Workbook

Sheet Данные
A1: ЭТНА — Журнал закрытия смен
A2: СМЕНА | D2: ОТКРЫТИЕ | G2: ДОХОДЫ | M2: РАСХОДЫ | R2: ИНКАССАЦИЯ | S2: СВЕРКА КАССЫ | W2: ПЛАН VS ФАКТ
A3: Дата | B3: День | C3: Сотрудник | D3: Откр. (расч.) | E3: Откр. (факт) | F3: Откр. Δ | G3: Терминал 1 | H3: Терминал 2 | I3: Безнал итого | J3: Наличные | K3: Переводы | L3: Выручка итого | M3: Такси | N3: Мойка | O3: Кальяны (шт) | P3: Выпл. кальяны | Q3: Доп. расходы | R3: Инкассация | S3: Остаток (факт) | T3: Переводы (ref) | U3: Остаток (расч.) | V3: Разница | W3: План выручки | X3: % выполнения
F4: =IFERROR(E4-D4,"") | I4: =IFERROR(G4+H4,"") | L4: =IFERROR(I4+J4+K4,"") | T4: =IFERROR(K4,"") | U4: =IFERROR(E4+J4+K4-M4-N4-P4-Q4-R4,"") | V4: =IFERROR(S4-U4,"") | X4: =IFERROR(L4/W4,"")
F5: =IFERROR(E5-D5,"") | I5: =IFERROR(G5+H5,"") | L5: =IFERROR(I5+J5+K5,"") | T5: =IFERROR(K5,"") | U5: =IFERROR(E5+J5+K5-M5-N5-P5-Q5-R5,"") | V5: =IFERROR(S5-U5,"") | X5: =IFERROR(L5/W5,"")
F6: =IFERROR(E6-D6,"") | I6: =IFERROR(G6+H6,"") | L6: =IFERROR(I6+J6+K6,"") | T6: =IFERROR(K6,"") | U6: =IFERROR(E6+J6+K6-M6-N6-P6-Q6-R6,"") | V6: =IFERROR(S6-U6,"") | X6: =IFERROR(L6/W6,"")
F7: =IFERROR(E7-D7,"") | I7: =IFERROR(G7+H7,"") | L7: =IFERROR(I7+J7+K7,"") | T7: =IFERROR(K7,"") | U7: =IFERROR(E7+J7+K7-M7-N7-P7-Q7-R7,"") | V7: =IFERROR(S7-U7,"") | X7: =IFERROR(L7/W7,"")
F8: =IFERROR(E8-D8,"") | I8: =IFERROR(G8+H8,"") | L8: =IFERROR(I8+J8+K8,"") | T8: =IFERROR(K8,"") | U8: =IFERROR(E8+J8+K8-M8-N8-P8-Q8-R8,"") | V8: =IFERROR(S8-U8,"") | X8: =IFERROR(L8/W8,"")
F9: =IFERROR(E9-D9,"") | I9: =IFERROR(G9+H9,"") | L9: =IFERROR(I9+J9+K9,"") | T9: =IFERROR(K9,"") | U9: =IFERROR(E9+J9+K9-M9-N9-P9-Q9-R9,"") | V9: =IFERROR(S9-U9,"") | X9: =IFERROR(L9/W9,"")
F10: =IFERROR(E10-D10,"") | I10: =IFERROR(G10+H10,"") | L10: =IFERROR(I10+J10+K10,"") | T10: =IFERROR(K10,"") | U10: =IFERROR(E10+J10+K10-M10-N10-P10-Q10-R10,"") | V10: =IFERROR(S10-U10,"") | X10: =IFERROR(L10/W10,"")
F11: =IFERROR(E11-D11,"") | I11: =IFERROR(G11+H11,"") | L11: =IFERROR(I11+J11+K11,"") | T11: =IFERROR(K11,"") | U11: =IFERROR(E11+J11+K11-M11-N11-P11-Q11-R11,"") | V11: =IFERROR(S11-U11,"") | X11: =IFERROR(L11/W11,"")
F12: =IFERROR(E12-D12,"") | I12: =IFERROR(G12+H12,"") | L12: =IFERROR(I12+J12+K12,"") | T12: =IFERROR(K12,"") | U12: =IFERROR(E12+J12+K12-M12-N12-P12-Q12-R12,"") | V12: =IFERROR(S12-U12,"") | X12: =IFERROR(L12/W12,"")
F13: =IFERROR(E13-D13,"") | I13: =IFERROR(G13+H13,"") | L13: =IFERROR(I13+J13+K13,"") | T13: =IFERROR(K13,"") | U13: =IFERROR(E13+J13+K13-M13-N13-P13-Q13-R13,"") | V13: =IFERROR(S13-U13,"") | X13: =IFERROR(L13/W13,"")
F14: =IFERROR(E14-D14,"") | I14: =IFERROR(G14+H14,"") | L14: =IFERROR(I14+J14+K14,"") | T14: =IFERROR(K14,"") | U14: =IFERROR(E14+J14+K14-M14-N14-P14-Q14-R14,"") | V14: =IFERROR(S14-U14,"") | X14: =IFERROR(L14/W14,"")
F15: =IFERROR(E15-D15,"") | I15: =IFERROR(G15+H15,"") | L15: =IFERROR(I15+J15+K15,"") | T15: =IFERROR(K15,"") | U15: =IFERROR(E15+J15+K15-M15-N15-P15-Q15-R15,"") | V15: =IFERROR(S15-U15,"") | X15: =IFERROR(L15/W15,"")
... F103: =IFERROR(E103-D103,"") | I103: =IFERROR(G103+H103,"") | L103: =IFERROR(I103+J103+K103,"") | T103: =IFERROR(K103,"") | U103: =IFERROR(E103+J103+K103-M103-N103-P103-Q103-R103,"") | V103: =IFERROR(S103-U103,"") | X103: =IFERROR(L103/W103,"")

Sheet Дашборд
A1: ЭТНА — Аналитический дашборд
A2: КЛЮЧЕВЫЕ ПОКАЗАТЕЛИ
A3: =COUNTA(Данные!A4:A103) | C3: =IFERROR(SUM(Данные!L4:L103),0) | E3: =IFERROR(SUM(Данные!J4:J103),0) | G3: =IFERROR(SUM(Данные!M4:Q103),0)
A4: =IFERROR(AVERAGE(Данные!L4:L103),0) | C4: =IFERROR(AVERAGE(Данные!J4:J103),0) | E4: =IFERROR(COUNTIF(Данные!V4:V103,"<>0"),0) | G4: =IFERROR(SUM(Данные!O4:O103),0)
A6: СРЕДНИЕ ПОКАЗАТЕЛИ ПО ДНЯМ НЕДЕЛИ
A7: День | B7: Кол-во смен | C7: Ср. выручка | D7: Ср. наличные | E7: Ср. кальяны | F7: % выполнения | G7: Ср. разница
A8: Пн | B8: =COUNTIF(Данные!B$4:B$103,A8) | C8: =IFERROR(AVERAGEIF(Данные!B$4:B$103,A8,Данные!L$4:L$103),"-") | D8: =IFERROR(AVERAGEIF(Данные!B$4:B$103,A8,Данные!J$4:J$103),"-") | E8: =IFERROR(AVERAGEIF(Данные!B$4:B$103,A8,Данные!O$4:O$103),"-") | F8: =IFERROR(AVERAGEIF(Данные!B$4:B$103,A8,Данные!X$4:X$103),"-") | G8: =IFERROR(AVERAGEIF(Данные!B$4:B$103,A8,Данные!V$4:V$103),"-")
A9: Вт | B9: =COUNTIF(Данные!B$4:B$103,A9) | C9: =IFERROR(AVERAGEIF(Данные!B$4:B$103,A9,Данные!L$4:L$103),"-") | D9: =IFERROR(AVERAGEIF(Данные!B$4:B$103,A9,Данные!J$4:J$103),"-") | E9: =IFERROR(AVERAGEIF(Данные!B$4:B$103,A9,Данные!O$4:O$103),"-") | F9: =IFERROR(AVERAGEIF(Данные!B$4:B$103,A9,Данные!X$4:X$103),"-") | G9: =IFERROR(AVERAGEIF(Данные!B$4:B$103,A9,Данные!V$4:V$103),"-")
A10: Ср | B10: =COUNTIF(Данные!B$4:B$103,A10) | C10: =IFERROR(AVERAGEIF(Данные!B$4:B$103,A10,Данные!L$4:L$103),"-") | D10: =IFERROR(AVERAGEIF(Данные!B$4:B$103,A10,Данные!J$4:J$103),"-") | E10: =IFERROR(AVERAGEIF(Данные!B$4:B$103,A10,Данные!O$4:O$103),"-") | F10: =IFERROR(AVERAGEIF(Данные!B$4:B$103,A10,Данные!X$4:X$103),"-") | G10: =IFERROR(AVERAGEIF(Данные!B$4:B$103,A10,Данные!V$4:V$103),"-")
A11: Чт | B11: =COUNTIF(Данные!B$4:B$103,A11) | C11: =IFERROR(AVERAGEIF(Данные!B$4:B$103,A11,Данные!L$4:L$103),"-") | D11: =IFERROR(AVERAGEIF(Данные!B$4:B$103,A11,Данные!J$4:J$103),"-") | E11: =IFERROR(AVERAGEIF(Данные!B$4:B$103,A11,Данные!O$4:O$103),"-") | F11: =IFERROR(AVERAGEIF(Данные!B$4:B$103,A11,Данные!X$4:X$103),"-") | G11: =IFERROR(AVERAGEIF(Данные!B$4:B$103,A11,Данные!V$4:V$103),"-")
A12: Пт | B12: =COUNTIF(Данные!B$4:B$103,A12) | C12: =IFERROR(AVERAGEIF(Данные!B$4:B$103,A12,Данные!L$4:L$103),"-") | D12: =IFERROR(AVERAGEIF(Данные!B$4:B$103,A12,Данные!J$4:J$103),"-") | E12: =IFERROR(AVERAGEIF(Данные!B$4:B$103,A12,Данные!O$4:O$103),"-") | F12: =IFERROR(AVERAGEIF(Данные!B$4:B$103,A12,Данные!X$4:X$103),"-") | G12: =IFERROR(AVERAGEIF(Данные!B$4:B$103,A12,Данные!V$4:V$103),"-")
A13: Сб | B13: =COUNTIF(Данные!B$4:B$103,A13) | C13: =IFERROR(AVERAGEIF(Данные!B$4:B$103,A13,Данные!L$4:L$103),"-") | D13: =IFERROR(AVERAGEIF(Данные!B$4:B$103,A13,Данные!J$4:J$103),"-") | E13: =IFERROR(AVERAGEIF(Данные!B$4:B$103,A13,Данные!O$4:O$103),"-") | F13: =IFERROR(AVERAGEIF(Данные!B$4:B$103,A13,Данные!X$4:X$103),"-") | G13: =IFERROR(AVERAGEIF(Данные!B$4:B$103,A13,Данные!V$4:V$103),"-")
A14: Вс | B14: =COUNTIF(Данные!B$4:B$103,A14) | C14: =IFERROR(AVERAGEIF(Данные!B$4:B$103,A14,Данные!L$4:L$103),"-") | D14: =IFERROR(AVERAGEIF(Данные!B$4:B$103,A14,Данные!J$4:J$103),"-") | E14: =IFERROR(AVERAGEIF(Данные!B$4:B$103,A14,Данные!O$4:O$103),"-") | F14: =IFERROR(AVERAGEIF(Данные!B$4:B$103,A14,Данные!X$4:X$103),"-") | G14: =IFERROR(AVERAGEIF(Данные!B$4:B$103,A14,Данные!V$4:V$103),"-")
A16: ПОСЛЕДНИЕ 7 СМЕН
A17: Дата | B17: День | C17: Сотрудник | D17: Выручка | E17: Наличные | F17: Расходы | G17: Разница | H17: % плана
A18: =IFERROR(INDEX(Данные!A$4:A$103,MATCH(LARGE(Данные!A$4:A$103,1),Данные!A$4:A$103,0)),"") | B18: =IFERROR(INDEX(Данные!B$4:B$103,MATCH(LARGE(Данные!A$4:A$103,1),Данные!A$4:A$103,0)),"") | C18: =IFERROR(INDEX(Данные!C$4:C$103,MATCH(LARGE(Данные!A$4:A$103,1),Данные!A$4:A$103,0)),"") | D18: =IFERROR(INDEX(Данные!L$4:L$103,MATCH(LARGE(Данные!A$4:A$103,1),Данные!A$4:A$103,0)),"") | E18: =IFERROR(INDEX(Данные!J$4:J$103,MATCH(LARGE(Данные!A$4:A$103,1),Данные!A$4:A$103,0)),"") | F18: =IFERROR(INDEX(Данные!Q$4:Q$103,MATCH(LARGE(Данные!A$4:A$103,1),Данные!A$4:A$103,0)),"") | G18: =IFERROR(INDEX(Данные!V$4:V$103,MATCH(LARGE(Данные!A$4:A$103,1),Данные!A$4:A$103,0)),"") | H18: =IFERROR(INDEX(Данные!X$4:X$103,MATCH(LARGE(Данные!A$4:A$103,1),Данные!A$4:A$103,0)),"")
A19: =IFERROR(INDEX(Данные!A$4:A$103,MATCH(LARGE(Данные!A$4:A$103,2),Данные!A$4:A$103,0)),"") | B19: =IFERROR(INDEX(Данные!B$4:B$103,MATCH(LARGE(Данные!A$4:A$103,2),Данные!A$4:A$103,0)),"") | C19: =IFERROR(INDEX(Данные!C$4:C$103,MATCH(LARGE(Данные!A$4:A$103,2),Данные!A$4:A$103,0)),"") | D19: =IFERROR(INDEX(Данные!L$4:L$103,MATCH(LARGE(Данные!A$4:A$103,2),Данные!A$4:A$103,0)),"") | E19: =IFERROR(INDEX(Данные!J$4:J$103,MATCH(LARGE(Данные!A$4:A$103,2),Данные!A$4:A$103,0)),"") | F19: =IFERROR(INDEX(Данные!Q$4:Q$103,MATCH(LARGE(Данные!A$4:A$103,2),Данные!A$4:A$103,0)),"") | G19: =IFERROR(INDEX(Данные!V$4:V$103,MATCH(LARGE(Данные!A$4:A$103,2),Данные!A$4:A$103,0)),"") | H19: =IFERROR(INDEX(Данные!X$4:X$103,MATCH(LARGE(Данные!A$4:A$103,2),Данные!A$4:A$103,0)),"")
A20: =IFERROR(INDEX(Данные!A$4:A$103,MATCH(LARGE(Данные!A$4:A$103,3),Данные!A$4:A$103,0)),"") | B20: =IFERROR(INDEX(Данные!B$4:B$103,MATCH(LARGE(Данные!A$4:A$103,3),Данные!A$4:A$103,0)),"") | C20: =IFERROR(INDEX(Данные!C$4:C$103,MATCH(LARGE(Данные!A$4:A$103,3),Данные!A$4:A$103,0)),"") | D20: =IFERROR(INDEX(Данные!L$4:L$103,MATCH(LARGE(Данные!A$4:A$103,3),Данные!A$4:A$103,0)),"") | E20: =IFERROR(INDEX(Данные!J$4:J$103,MATCH(LARGE(Данные!A$4:A$103,3),Данные!A$4:A$103,0)),"") | F20: =IFERROR(INDEX(Данные!Q$4:Q$103,MATCH(LARGE(Данные!A$4:A$103,3),Данные!A$4:A$103,0)),"") | G20: =IFERROR(INDEX(Данные!V$4:V$103,MATCH(LARGE(Данные!A$4:A$103,3),Данные!A$4:A$103,0)),"") | H20: =IFERROR(INDEX(Данные!X$4:X$103,MATCH(LARGE(Данные!A$4:A$103,3),Данные!A$4:A$103,0)),"")
A21: =IFERROR(INDEX(Данные!A$4:A$103,MATCH(LARGE(Данные!A$4:A$103,4),Данные!A$4:A$103,0)),"") | B21: =IFERROR(INDEX(Данные!B$4:B$103,MATCH(LARGE(Данные!A$4:A$103,4),Данные!A$4:A$103,0)),"") | C21: =IFERROR(INDEX(Данные!C$4:C$103,MATCH(LARGE(Данные!A$4:A$103,4),Данные!A$4:A$103,0)),"") | D21: =IFERROR(INDEX(Данные!L$4:L$103,MATCH(LARGE(Данные!A$4:A$103,4),Данные!A$4:A$103,0)),"") | E21: =IFERROR(INDEX(Данные!J$4:J$103,MATCH(LARGE(Данные!A$4:A$103,4),Данные!A$4:A$103,0)),"") | F21: =IFERROR(INDEX(Данные!Q$4:Q$103,MATCH(LARGE(Данные!A$4:A$103,4),Данные!A$4:A$103,0)),"") | G21: =IFERROR(INDEX(Данные!V$4:V$103,MATCH(LARGE(Данные!A$4:A$103,4),Данные!A$4:A$103,0)),"") | H21: =IFERROR(INDEX(Данные!X$4:X$103,MATCH(LARGE(Данные!A$4:A$103,4),Данные!A$4:A$103,0)),"")
A22: =IFERROR(INDEX(Данные!A$4:A$103,MATCH(LARGE(Данные!A$4:A$103,5),Данные!A$4:A$103,0)),"") | B22: =IFERROR(INDEX(Данные!B$4:B$103,MATCH(LARGE(Данные!A$4:A$103,5),Данные!A$4:A$103,0)),"") | C22: =IFERROR(INDEX(Данные!C$4:C$103,MATCH(LARGE(Данные!A$4:A$103,5),Данные!A$4:A$103,0)),"") | D22: =IFERROR(INDEX(Данные!L$4:L$103,MATCH(LARGE(Данные!A$4:A$103,5),Данные!A$4:A$103,0)),"") | E22: =IFERROR(INDEX(Данные!J$4:J$103,MATCH(LARGE(Данные!A$4:A$103,5),Данные!A$4:A$103,0)),"") | F22: =IFERROR(INDEX(Данные!Q$4:Q$103,MATCH(LARGE(Данные!A$4:A$103,5),Данные!A$4:A$103,0)),"") | G22: =IFERROR(INDEX(Данные!V$4:V$103,MATCH(LARGE(Данные!A$4:A$103,5),Данные!A$4:A$103,0)),"") | H22: =IFERROR(INDEX(Данные!X$4:X$103,MATCH(LARGE(Данные!A$4:A$103,5),Данные!A$4:A$103,0)),"")
A23: =IFERROR(INDEX(Данные!A$4:A$103,MATCH(LARGE(Данные!A$4:A$103,6),Данные!A$4:A$103,0)),"") | B23: =IFERROR(INDEX(Данные!B$4:B$103,MATCH(LARGE(Данные!A$4:A$103,6),Данные!A$4:A$103,0)),"") | C23: =IFERROR(INDEX(Данные!C$4:C$103,MATCH(LARGE(Данные!A$4:A$103,6),Данные!A$4:A$103,0)),"") | D23: =IFERROR(INDEX(Данные!L$4:L$103,MATCH(LARGE(Данные!A$4:A$103,6),Данные!A$4:A$103,0)),"") | E23: =IFERROR(INDEX(Данные!J$4:J$103,MATCH(LARGE(Данные!A$4:A$103,6),Данные!A$4:A$103,0)),"") | F23: =IFERROR(INDEX(Данные!Q$4:Q$103,MATCH(LARGE(Данные!A$4:A$103,6),Данные!A$4:A$103,0)),"") | G23: =IFERROR(INDEX(Данные!V$4:V$103,MATCH(LARGE(Данные!A$4:A$103,6),Данные!A$4:A$103,0)),"") | H23: =IFERROR(INDEX(Данные!X$4:X$103,MATCH(LARGE(Данные!A$4:A$103,6),Данные!A$4:A$103,0)),"")
A24: =IFERROR(INDEX(Данные!A$4:A$103,MATCH(LARGE(Данные!A$4:A$103,7),Данные!A$4:A$103,0)),"") | B24: =IFERROR(INDEX(Данные!B$4:B$103,MATCH(LARGE(Данные!A$4:A$103,7),Данные!A$4:A$103,0)),"") | C24: =IFERROR(INDEX(Данные!C$4:C$103,MATCH(LARGE(Данные!A$4:A$103,7),Данные!A$4:A$103,0)),"") | D24: =IFERROR(INDEX(Данные!L$4:L$103,MATCH(LARGE(Данные!A$4:A$103,7),Данные!A$4:A$103,0)),"") | E24: =IFERROR(INDEX(Данные!J$4:J$103,MATCH(LARGE(Данные!A$4:A$103,7),Данные!A$4:A$103,0)),"") | F24: =IFERROR(INDEX(Данные!Q$4:Q$103,MATCH(LARGE(Данные!A$4:A$103,7),Данные!A$4:A$103,0)),"") | G24: =IFERROR(INDEX(Данные!V$4:V$103,MATCH(LARGE(Данные!A$4:A$103,7),Данные!A$4:A$103,0)),"") | H24: =IFERROR(INDEX(Данные!X$4:X$103,MATCH(LARGE(Данные!A$4:A$103,7),Данные!A$4:A$103,0)),"")

Sheet Настройки
A1: ЭТНА — Настройки системы
A2: ПЛАН ПО ДНЯМ НЕДЕЛИ
A3: День | B3: День (код) | C3: План выручки | D3: План наличных
A4: Понедельник | B4: Пн | C4: 45000 | D4: 12000
A5: Вторник | B5: Вт | C5: 50000 | D5: 12000
A6: Среда | B6: Ср | C6: 55000 | D6: 12000
A7: Четверг | B7: Чт | C7: 60000 | D7: 12000
A8: Пятница | B8: Пт | C8: 120000 | D8: 15000
A9: Суббота | B9: Сб | C9: 150000 | D9: 20000
A10: Воскресенье | B10: Вс | C10: 90000 | D10: 15000
A12: ПАРАМЕТРЫ
A13: Ставка за кальян (₽) | D13: 300
A14: Лимит расхождения кассы (₽) | D14: 500
A15: Смена закрывается до (часов) | D15: 6
A16: PIN владельца (для настроек формы) | D16: 0000
A17: Telegram Bot Token
A18: Chat ID — закрытый (руководитель)
A19: Chat ID — общий (команда)
A20: Макс. сумма такси за смену (₽), 0 = отключено | D20: 0
